CustomerID,Age,Annual_Income,Spending_Score,Recency,Frequency,Monetary,Churn,Segment
1001,56,24838,63,35,19,1153.29,0,Mid-Value
1002,69,70086,36,62,14,2039.42,1,Mid-Value
1003,46,46091,47,165,14,1556.24,0,Low-Value
1004,32,29443,59,3,16,1349.53,0,Mid-Value
1005,60,48835,19,104,7,1043.48,0,Low-Value
1006,25,37961,22,20,10,732.44,0,Low-Value
1007,38,107178,36,35,9,2265.72,0,Low-Value
1008,56,87040,68,1,22,4590.88,0,High-Value
1009,36,64800,42,21,9,1241.22,0,Low-Value
1010,40,101998,95,41,28,6357.25,0,High-Value
1011,28,66934,45,3,14,2058.05,0,Mid-Value
1012,28,43467,52,40,14,1536.07,0,Low-Value
1013,41,103078,80,157,20,4975.86,0,High-Value
1014,53,78472,78,6,19,3534.53,0,High-Value
1015,57,39068,70,86,21,2221.07,0,High-Value
1016,41,60241,66,31,10,1340.27,0,Low-Value
1017,20,43109,66,63,20,1679.14,0,Mid-Value
1018,39,30430,52,18,15,1165.99,0,Low-Value
1019,19,88154,72,10,16,3430.51,0,High-Value
1020,41,112735,50,10,14,3115.87,0,High-Value
1021,61,30035,24,4,15,963.65,0,Low-Value
1022,47,79074,50,12,13,2340.55,0,Mid-Value
1023,55,48733,39,65,9,924.27,0,Low-Value
1024,19,52821,47,128,18,2047.57,0,Mid-Value
1025,38,50190,58,100,17,1938.44,0,Mid-Value
1026,50,43400,57,69,12,1035.79,0,Low-Value
1027,29,66213,54,7,17,2342.84,0,Mid-Value
1028,39,44226,68,20,14,1666.05,0,Low-Value
1029,61,71761,27,22,15,2158.67,0,Mid-Value
1030,42,63744,46,17,18,2223.36,0,Mid-Value
1031,66,59026,30,43,14,1800.42,0,Mid-Value
1032,44,42310,16,46,10,1155.99,0,Low-Value
1033,59,50580,40,26,18,2127.71,0,Mid-Value
1034,45,83884,50,26,16,2892.79,0,High-Value
1035,33,77522,77,105,16,2811.35,0,High-Value
1036,32,40561,56,93,16,1198.98,0,Low-Value
1037,64,67483,27,22,18,2922.96,0,High-Value
1038,68,83784,73,147,17,3286.43,0,High-Value
1039,61,23264,53,183,13,785.05,0,Low-Value
1040,69,78584,52,23,17,3268.37,0,High-Value
1041,20,48434,49,26,14,1399.38,0,Low-Value
1042,54,79264,34,42,11,2149.91,0,Low-Value
1043,68,45918,32,169,15,1712.3,0,Mid-Value
1044,24,19877,62,125,22,1203.53,1,Mid-Value
1045,38,24311,70,6,17,1161.51,0,Low-Value
1046,26,66202,77,29,17,2563.52,0,Mid-Value
1047,56,71493,39,48,9,1631.61,0,Low-Value
1048,35,42392,30,41,12,1063.61,0,Low-Value
1049,21,80964,61,12,21,3580.29,0,High-Value
1050,42,23461,14,117,9,742.2,0,Low-Value
1051,31,63348,57,67,16,2204.21,0,Mid-Value
1052,67,34724,33,109,9,926.6,0,Low-Value
1053,26,48704,43,117,10,1429.0,0,Low-Value
1054,43,66184,25,82,14,2048.78,0,Mid-Value
1055,19,43489,59,34,18,2109.57,0,Mid-Value
1056,37,55386,40,56,9,1021.2,0,Low-Value
1057,45,90157,35,10,19,4021.06,0,High-Value
1058,64,50577,1,67,9,1117.31,0,Low-Value
1059,24,85892,58,11,22,4375.35,0,High-Value
1060,61,36757,64,71,12,1005.97,0,Low-Value
1061,25,78245,82,15,17,2576.75,0,High-Value
1062,64,101039,43,7,16,3674.03,0,High-Value
1063,52,15000,27,10,11,209.54,0,Low-Value
1064,31,45077,55,1,20,2107.87,0,High-Value
1065,34,79426,39,76,16,3087.52,0,High-Value
1066,53,59923,49,79,14,1998.14,0,Mid-Value
1067,67,74278,55,43,13,2571.15,0,Mid-Value
1068,57,49900,60,10,20,2703.53,0,High-Value
1069,21,67164,54,5,13,1878.75,0,Mid-Value
1070,19,61108,52,1,20,2852.51,0,High-Value
1071,23,94194,47,10,15,3115.16,0,High-Value
1072,59,71360,33,132,18,2501.77,0,High-Value
1073,21,73440,53,16,18,2749.93,0,High-Value
1074,46,54703,51,26,14,1693.92,0,Mid-Value
1075,35,52809,62,6,15,1426.12,0,Low-Value
1076,43,54186,34,15,11,1419.93,0,Low-Value
1077,61,74861,68,43,20,3319.72,1,High-Value
1078,51,54475,40,56,13,1350.14,0,Low-Value
1079,27,72244,55,16,15,2558.27,0,Mid-Value
1080,53,116885,45,3,17,4496.64,0,High-Value
1081,31,86778,20,29,12,2363.54,0,Mid-Value
1082,48,56849,59,16,10,1288.37,1,Low-Value
1083,65,95030,59,14,19,4159.7,0,High-Value
1084,32,54798,46,192,11,1537.79,1,Low-Value
1085,25,15000,45,57,9,491.5,1,Low-Value
1086,31,39797,55,48,10,872.25,0,Low-Value
1087,40,18230,17,32,3,181.83,0,Low-Value
1088,57,56212,35,33,8,1202.85,0,Low-Value
1089,38,65460,62,46,15,2129.56,0,Mid-Value
1090,33,106910,41,71,22,5836.36,0,High-Value
1091,62,73173,49,72,14,2218.46,0,Mid-Value
1092,35,59522,30,11,13,1813.89,0,Low-Value
1093,64,85735,53,41,18,3264.89,0,High-Value
1094,41,15000,39,31,11,586.84,0,Low-Value
1095,43,70890,26,122,12,1627.76,0,Low-Value
1096,42,84271,70,59,16,2885.62,0,High-Value
1097,62,28035,24,45,14,835.63,0,Low-Value
1098,58,93593,38,7,20,4184.32,0,High-Value
1099,46,73462,52,55,11,2000.25,0,Low-Value
1100,32,54617,67,7,14,1944.94,1,Mid-Value
1101,62,80819,31,24,12,1752.76,0,Low-Value
1102,18,121767,68,9,18,5294.97,0,High-Value
1103,42,69546,56,70,18,2943.38,0,High-Value
1104,24,71205,66,13,16,2412.2,0,Mid-Value
1105,26,53515,54,29,22,2846.51,0,High-Value
1106,41,43753,39,135,16,1762.38,0,Mid-Value
1107,18,85758,48,13,17,3085.73,0,High-Value
1108,61,43597,40,42,16,1762.6,0,Mid-Value
1109,25,66789,38,32,17,2455.92,0,Mid-Value
1110,41,53058,3,1,6,720.3,0,Low-Value
1111,28,76974,62,94,15,2454.81,0,Mid-Value
1112,68,73341,56,4,17,2468.26,0,Mid-Value
1113,34,90938,21,38,15,3060.95,0,High-Value
1114,25,52249,36,49,13,1732.61,0,Low-Value
1115,52,58253,54,59,11,1586.52,0,Low-Value
1116,52,40530,72,70,15,1700.38,0,Mid-Value
1117,50,53892,45,17,14,1857.09,0,Mid-Value
1118,22,74432,46,1,15,2413.1,0,Mid-Value
1119,59,83924,45,77,21,4209.3,0,High-Value
1120,56,41945,61,46,12,1002.33,0,Low-Value
1121,58,86740,39,108,16,2879.52,0,High-Value
1122,45,98890,43,103,20,4066.34,0,High-Value
1123,24,75335,49,111,22,4111.16,0,High-Value
1124,26,111919,49,39,16,4127.68,0,High-Value
1125,25,45655,52,24,16,1897.91,0,Mid-Value
1126,29,33883,71,94,19,1973.05,0,Mid-Value
1127,51,20531,42,36,12,574.47,0,Low-Value
1128,50,102401,50,12,17,3910.53,0,High-Value
1129,65,81359,41,115,16,2893.45,0,High-Value
1130,40,63610,26,128,4,639.69,0,Low-Value
1131,41,71999,64,37,20,3245.39,0,High-Value
1132,54,36862,39,4,13,1143.35,0,Low-Value
1133,52,126143,55,29,18,5047.19,0,High-Value
1134,61,68230,92,97,28,4748.87,0,High-Value
1135,57,67734,49,139,13,1890.76,0,Mid-Value
1136,39,83144,42,13,14,2595.21,0,Mid-Value
1137,44,77025,44,4,21,3321.64,0,High-Value
1138,52,70597,64,125,15,1855.85,1,Mid-Value
1139,18,45238,54,29,13,1475.28,0,Low-Value
1140,52,76786,27,46,12,2192.47,0,Mid-Value
1141,54,112050,68,206,23,5704.71,1,High-Value
1142,64,98635,39,4,16,3008.43,0,High-Value
1143,31,104829,88,62,19,4263.51,0,High-Value
1144,20,52219,69,4,16,1458.6,0,Mid-Value
1145,18,40259,44,28,11,1331.7,0,Low-Value
1146,22,61855,73,97,18,2293.55,0,Mid-Value
1147,43,66393,50,34,17,2917.49,0,High-Value
1148,31,92354,70,352,21,4596.82,1,High-Value
1149,56,22688,44,49,7,363.07,0,Low-Value
1150,44,103238,43,23,19,3980.2,0,High-Value
1151,26,61049,43,14,15,2210.3,0,Mid-Value
1152,32,54327,65,25,21,2435.77,0,High-Value
1153,32,39697,42,27,14,1413.04,0,Low-Value
1154,43,23628,34,4,14,840.19,0,Low-Value
1155,59,85579,34,27,15,2466.61,0,Mid-Value
1156,30,66832,59,37,21,2524.35,0,High-Value
1157,68,32750,66,76,18,1600.2,0,Mid-Value
1158,49,32623,24,64,9,691.4,0,Low-Value
1159,56,56605,43,74,21,2623.19,0,High-Value
1160,66,106725,71,1,23,5609.42,1,High-Value
1161,69,58510,38,14,15,2319.32,0,Mid-Value
1162,49,27421,46,65,9,636.78,0,Low-Value
1163,21,58856,38,39,9,1193.43,0,Low-Value
1164,47,58181,52,1,16,2301.83,0,Mid-Value
1165,54,15000,32,97,10,296.46,0,Low-Value
1166,40,63642,64,88,15,2259.47,0,Mid-Value
1167,56,59226,61,47,17,2494.41,0,Mid-Value
1168,62,82405,85,4,26,5070.35,0,High-Value
1169,32,111223,70,87,23,4908.08,0,High-Value
1170,60,93164,54,52,14,2728.71,1,Mid-Value
1171,46,58277,49,91,14,1727.32,0,Mid-Value
1172,53,37336,35,83,9,865.53,0,Low-Value
1173,30,129333,70,97,20,5717.54,0,High-Value
1174,49,66480,43,43,13,2280.34,0,Mid-Value
1175,24,65348,57,9,15,2149.07,0,Mid-Value
1176,68,64396,61,66,13,1837.27,0,Mid-Value
1177,39,69952,36,58,13,2302.94,0,Mid-Value
1178,45,61390,64,81,15,2208.43,0,Mid-Value
1179,19,50658,73,11,9,1262.98,0,Low-Value
1180,59,51328,39,13,19,2412.75,1,High-Value
1181,62,64181,11,132,13,1703.07,0,Low-Value
1182,23,51414,43,83,12,1233.97,0,Low-Value
1183,45,47178,64,143,17,1548.42,0,Mid-Value
1184,45,67660,48,85,12,1983.01,0,Low-Value
1185,61,58625,27,54,17,2636.34,0,High-Value
1186,61,102599,43,63,22,5564.65,0,High-Value
1187,37,15000,53,131,14,877.05,1,Low-Value
1188,47,92287,61,51,21,4662.35,0,High-Value
1189,28,96152,56,60,18,3664.87,0,High-Value
1190,45,15000,32,10,6,195.92,0,Low-Value
1191,42,56432,41,38,12,1747.38,0,Low-Value
1192,56,55713,29,75,12,1652.29,0,Low-Value
1193,50,29812,64,18,14,1137.3,0,Low-Value
1194,18,45554,47,13,13,1519.94,0,Low-Value
1195,44,37235,61,22,15,1489.77,0,Low-Value
1196,69,108806,72,16,20,5137.39,0,High-Value
1197,30,88391,72,14,20,4324.14,0,High-Value
1198,58,96788,44,33,13,2882.61,0,Mid-Value
1199,20,83041,65,143,16,3180.3,0,High-Value
1200,56,36773,39,42,8,810.06,0,Low-Value
1201,23,51886,38,12,16,1869.67,0,Mid-Value
1202,25,77234,61,4,11,2043.98,0,Low-Value
1203,44,34446,25,71,13,883.67,0,Low-Value
1204,26,82824,75,28,24,4834.95,0,High-Value
1205,54,58991,37,103,12,1440.77,0,Low-Value
1206,50,55629,48,64,7,948.82,0,Low-Value
1207,68,82773,49,95,15,2593.03,0,Mid-Value
1208,59,76106,42,19,14,2527.18,0,Mid-Value
1209,61,55975,50,70,12,1577.29,0,Low-Value
1210,41,93983,48,18,15,2760.67,0,Mid-Value
1211,32,37973,60,167,20,2045.13,1,Mid-Value
1212,49,80398,30,60,15,2581.91,0,Mid-Value
1213,49,79827,52,23,14,2700.2,0,Mid-Value
1214,41,57261,77,18,14,1883.59,0,Mid-Value
1215,58,73153,31,12,12,2066.85,1,Mid-Value
1216,69,33722,24,71,9,657.72,1,Low-Value
1217,66,88100,54,14,18,3372.48,0,High-Value
1218,66,60377,43,54,12,1606.49,0,Low-Value
1219,69,51931,43,18,15,2050.69,0,Mid-Value
1220,29,91225,65,65,25,5690.27,0,High-Value
1221,56,47391,51,101,17,1745.98,0,Mid-Value
1222,19,29788,65,90,16,1531.66,0,Mid-Value
1223,20,26084,54,85,13,515.1,0,Low-Value
1224,66,80150,41,12,14,2273.42,0,Mid-Value
1225,54,32989,49,5,17,1217.14,0,Mid-Value
1226,66,108869,79,72,20,4349.01,0,High-Value
1227,34,15000,39,27,11,288.71,0,Low-Value
1228,66,107411,36,33,15,3615.25,0,High-Value
1229,19,70275,73,1,17,2674.76,0,High-Value
1230,19,62582,54,18,12,1810.26,0,Low-Value
1231,45,51377,13,2,10,1331.11,0,Low-Value
1232,40,74978,64,126,18,3130.92,0,High-Value
1233,54,64059,37,16,15,2369.77,0,Mid-Value
1234,49,92582,51,48,15,3061.82,0,High-Value
1235,50,67855,52,2,19,2620.2,0,High-Value
1236,18,68757,60,65,14,2427.34,0,Mid-Value
1237,36,55909,60,23,21,2582.61,0,High-Value
1238,19,63576,49,136,10,1331.18,0,Low-Value
1239,61,72695,52,131,17,2766.26,0,High-Value
1240,43,22245,36,23,12,609.57,0,Low-Value
1241,49,31295,51,138,11,839.61,1,Low-Value
1242,23,83581,68,333,20,3846.46,1,High-Value
1243,49,69271,34,104,17,2784.04,0,High-Value
1244,21,60400,71,111,12,1527.99,0,Low-Value
1245,28,65460,45,17,16,2297.67,0,Mid-Value
1246,34,73689,65,51,10,1834.93,0,Low-Value
1247,55,51506,48,4,11,1435.04,1,Low-Value
1248,41,45542,73,5,23,3270.83,0,High-Value
1249,22,69896,53,365,14,2484.91,1,Mid-Value
1250,69,40540,31,23,8,945.96,0,Low-Value
1251,51,75206,48,82,15,2243.91,0,Mid-Value
1252,23,22435,42,98,18,1373.9,0,Mid-Value
1253,39,90728,67,117,14,2809.23,0,Mid-Value
1254,28,76814,31,362,10,1653.63,1,Low-Value
1255,65,71400,27,16,17,2810.44,0,High-Value
1256,33,89567,40,2,21,4479.56,0,High-Value
1257,50,106636,69,31,20,4815.69,0,High-Value
1258,26,90359,84,8,18,3375.74,0,High-Value
1259,23,18978,44,1,18,1243.67,0,Mid-Value
1260,33,33010,43,26,17,1299.76,0,Mid-Value
1261,46,49379,46,91,16,1952.13,0,Mid-Value
1262,20,65652,73,50,16,2348.06,0,Mid-Value
1263,37,77941,39,22,14,2416.39,0,Mid-Value
1264,53,46856,46,63,13,1627.67,0,Low-Value
1265,36,69669,66,15,19,2730.97,0,High-Value
1266,43,46115,52,1,19,2686.75,0,High-Value
1267,20,49712,55,86,18,1657.94,0,Mid-Value
1268,36,29833,59,58,12,848.41,0,Low-Value
1269,37,41919,5,86,11,1203.3,1,Low-Value
1270,49,31207,50,2,14,1276.5,0,Low-Value
1271,24,40603,40,108,15,1495.48,0,Low-Value
1272,69,91341,19,57,16,3229.14,0,High-Value
1273,58,41265,47,49,10,1086.88,0,Low-Value
1274,50,130809,80,58,23,6397.5,0,High-Value
1275,57,77332,45,119,14,2737.86,0,Mid-Value
1276,56,69620,60,53,12,2061.96,0,Mid-Value
1277,35,43541,71,52,18,2163.14,1,Mid-Value
1278,57,82507,68,280,26,4433.56,1,High-Value
1279,18,50609,78,84,13,1560.35,0,Low-Value
1280,28,68050,65,35,18,2728.67,0,High-Value
1281,45,129002,62,73,22,5784.24,0,High-Value
1282,42,62598,24,29,12,1807.18,0,Low-Value
1283,67,93731,43,15,15,2990.96,0,High-Value
1284,40,47420,33,54,8,997.37,0,Low-Value
1285,48,64125,79,158,20,2643.94,0,High-Value
1286,47,109270,54,158,16,4229.21,0,High-Value
1287,59,49325,43,25,7,736.44,1,Low-Value
1288,52,110311,63,45,23,5609.97,0,High-Value
1289,24,82693,58,14,20,3945.28,0,High-Value
1290,33,50938,74,325,18,2039.7,1,Mid-Value
1291,43,80810,42,238,16,3110.51,1,High-Value
1292,65,89313,50,62,20,3603.76,0,High-Value
1293,69,80545,33,97,14,2840.2,0,Mid-Value
1294,66,25744,14,75,11,788.7,0,Low-Value
1295,19,46821,43,53,12,1256.35,1,Low-Value
1296,18,58812,54,3,19,2529.59,0,High-Value
1297,65,63139,35,36,14,2217.77,0,Mid-Value
1298,29,80516,46,67,16,2756.24,1,High-Value
1299,22,69442,35,67,9,1328.79,0,Low-Value
1300,54,31616,37,28,12,958.91,1,Low-Value
1301,49,74504,26,170,10,1513.54,0,Low-Value
1302,26,80264,68,10,17,3533.21,0,High-Value
1303,58,78994,48,41,13,2203.4,0,Mid-Value
1304,52,92019,29,70,10,2165.12,0,Low-Value
1305,36,85848,50,71,23,4481.28,0,High-Value
1306,65,76479,33,62,17,2689.23,1,High-Value
1307,33,63245,56,19,22,3220.81,0,High-Value
1308,20,23475,67,10,12,944.52,0,Low-Value
1309,37,75740,24,60,12,2023.87,0,Mid-Value
1310,41,70192,52,54,12,2139.37,0,Mid-Value
1311,50,71789,45,11,13,2325.71,0,Mid-Value
1312,41,33081,53,73,11,1099.4,0,Low-Value
1313,69,37973,39,36,16,1424.82,0,Mid-Value
1314,28,91328,47,66,15,2796.88,1,Mid-Value
1315,66,64011,37,108,16,2221.09,0,Mid-Value
1316,25,82037,45,11,17,3179.3,0,High-Value
1317,53,65707,62,1,24,3830.42,0,High-Value
1318,55,65743,45,90,10,1189.12,0,Low-Value
1319,57,88457,78,56,24,4723.02,0,High-Value
1320,37,52098,47,72,18,2278.21,0,Mid-Value
1321,52,67403,36,109,10,1506.43,0,Low-Value
1322,65,53443,17,97,13,1901.32,1,Mid-Value
1323,42,54137,20,194,11,1480.61,1,Low-Value
1324,52,57270,21,46,10,1541.93,0,Low-Value
1325,42,70553,54,40,14,2210.13,0,Mid-Value
1326,46,53031,53,30,13,1821.61,0,Low-Value
1327,35,96393,34,10,21,4983.55,0,High-Value
1328,63,42634,52,51,14,1749.21,0,Mid-Value
1329,35,60328,43,19,16,1988.38,0,Mid-Value
1330,19,54006,56,152,13,1614.69,0,Low-Value
1331,52,101174,77,52,19,4126.24,0,High-Value
1332,33,69913,66,53,21,3510.46,0,High-Value
1333,58,90796,45,26,12,2542.65,1,Mid-Value
1334,53,27860,25,3,8,505.09,0,Low-Value
1335,50,71676,16,1,11,1808.07,0,Low-Value
1336,21,87240,49,33,17,2791.08,0,High-Value
1337,50,67057,44,5,14,2460.4,0,Mid-Value
1338,31,91637,43,56,17,3325.0,0,High-Value
1339,38,52067,46,127,16,1999.55,1,Mid-Value
1340,65,100233,50,128,19,4100.6,0,High-Value
1341,37,122472,59,64,17,4796.29,0,High-Value
1342,25,55929,42,14,13,1160.84,0,Low-Value
1343,24,53862,55,119,19,2422.02,0,High-Value
1344,20,101334,69,130,23,5084.86,0,High-Value
1345,34,104489,43,13,12,2666.08,0,Mid-Value
1346,50,51928,65,80,18,2695.49,0,High-Value
1347,65,54495,38,20,7,809.76,1,Low-Value
1348,29,57955,52,97,15,2212.3,0,Mid-Value
1349,68,31388,45,353,19,1674.28,1,Mid-Value
1350,39,42033,49,1,11,1352.88,0,Low-Value
1351,39,39896,59,136,13,1167.19,0,Low-Value
1352,63,45805,43,58,16,1609.85,0,Mid-Value
1353,47,64132,38,217,9,1482.35,0,Low-Value
1354,55,70855,52,37,14,2353.26,0,Mid-Value
1355,55,103762,36,112,17,3473.95,0,High-Value
1356,62,40041,40,3,11,1011.92,0,Low-Value
1357,68,89608,46,24,15,3075.18,0,High-Value
1358,25,59650,50,4,17,2581.73,0,High-Value
1359,44,63763,46,222,16,2197.4,1,Mid-Value
1360,44,81870,23,101,13,1820.34,0,Low-Value
1361,51,36931,32,114,10,1017.1,1,Low-Value
1362,38,74560,53,166,17,2563.86,0,Mid-Value
1363,47,69161,51,5,15,1920.93,0,Mid-Value
1364,50,77311,34,29,15,1982.06,0,Mid-Value
1365,45,72229,68,4,17,3003.35,0,High-Value
1366,64,126382,42,14,17,4669.79,0,High-Value
1367,50,49056,58,15,13,1491.45,0,Low-Value
1368,22,51725,59,37,16,2308.57,0,Mid-Value
1369,65,49421,29,18,9,1155.62,0,Low-Value
1370,36,51113,75,6,15,2197.06,0,Mid-Value
1371,21,49065,34,10,13,1264.11,0,Low-Value
1372,52,94725,66,9,20,4178.63,0,High-Value
1373,66,100512,64,216,21,4132.24,1,High-Value
1374,34,50731,38,85,11,1298.23,0,Low-Value
1375,61,44191,60,206,17,1779.1,0,Mid-Value
1376,45,76785,47,34,17,3110.48,0,High-Value
1377,47,51194,49,19,16,1969.14,0,Mid-Value
1378,46,80823,55,96,14,2673.96,0,Mid-Value
1379,63,70073,42,23,15,2560.46,0,Mid-Value
1380,23,27106,59,21,16,1704.57,0,Mid-Value
1381,52,103687,66,15,20,4452.89,0,High-Value
1382,58,109896,27,8,8,1805.41,1,Low-Value
1383,54,49680,62,17,17,2091.87,0,Mid-Value
1384,41,55307,22,26,17,2015.86,0,Mid-Value
1385,46,72146,65,67,17,3170.86,0,High-Value
1386,66,73361,60,3,15,2437.11,0,Mid-Value
1387,63,81463,30,14,14,2442.19,0,Mid-Value
1388,48,115255,51,99,19,4625.37,0,High-Value
1389,52,60576,28,9,15,2278.92,0,Mid-Value
1390,50,45042,39,25,9,969.46,0,Low-Value
1391,69,30517,29,119,13,928.32,1,Low-Value
1392,38,46726,58,10,17,2353.35,0,Mid-Value
1393,49,64171,66,5,17,2303.49,0,Mid-Value
1394,40,109863,79,39,23,5525.97,0,High-Value
1395,50,52059,35,21,15,2008.54,0,Mid-Value
1396,20,70594,53,49,19,2597.64,0,High-Value
1397,35,64589,26,97,8,1251.06,0,Low-Value
1398,42,94709,43,8,18,3484.64,0,High-Value
1399,59,128173,71,52,21,6062.44,0,High-Value
1400,48,51728,69,42,18,1962.29,0,Mid-Value
1401,20,52764,35,9,13,1766.95,0,Low-Value
1402,57,91104,41,58,15,3281.93,0,High-Value
1403,63,82047,46,19,19,3743.3,0,High-Value
1404,41,111167,63,40,19,4675.97,0,High-Value
1405,67,79598,32,5,10,1757.26,0,Low-Value
1406,49,56017,51,36,14,1727.43,0,Mid-Value
1407,64,79766,38,21,15,3023.96,0,High-Value
1408,39,92717,55,103,21,4093.77,0,High-Value
1409,40,85512,62,3,20,3509.36,0,High-Value
1410,19,77681,58,32,15,2780.14,0,Mid-Value
1411,44,91666,47,36,24,4593.36,0,High-Value
1412,59,94232,48,77,17,3301.62,0,High-Value
1413,19,99553,61,51,22,4343.94,0,High-Value
1414,43,81217,46,66,15,2627.86,0,Mid-Value
1415,34,60822,47,90,16,2246.45,0,Mid-Value
1416,57,68667,69,118,21,3380.59,0,High-Value
1417,50,95162,61,22,22,4941.06,0,High-Value
1418,26,44576,45,46,17,1989.94,0,Mid-Value
1419,60,74216,56,109,19,3145.81,0,High-Value
1420,65,55166,35,273,12,1528.31,1,Low-Value
1421,56,65718,62,132,15,2386.33,0,Mid-Value
1422,46,96961,60,27,19,4427.2,0,High-Value
1423,59,69777,43,13,17,2744.63,0,High-Value
1424,43,66160,56,40,16,2324.53,0,Mid-Value
1425,52,31003,16,81,12,805.36,0,Low-Value
1426,67,83656,28,40,17,2815.78,0,High-Value
1427,42,81137,34,39,11,2114.95,0,Low-Value
1428,41,119081,62,109,17,4536.14,0,High-Value
1429,30,57305,77,26,18,2578.87,0,High-Value
1430,24,70478,89,117,22,3498.57,0,High-Value
1431,53,71234,56,31,15,2753.58,0,Mid-Value
1432,62,104436,58,23,22,4875.42,0,High-Value
1433,37,62617,23,36,12,1914.76,0,Low-Value
1434,18,71975,49,86,16,2613.9,0,Mid-Value
1435,25,80197,45,8,11,1883.96,0,Low-Value
1436,63,69665,34,13,9,1513.96,0,Low-Value
1437,33,53839,47,181,15,2007.34,0,Mid-Value
1438,31,69852,46,11,8,1320.47,0,Low-Value
1439,29,91840,28,50,16,3278.39,0,High-Value
1440,68,39337,47,51,13,1275.37,0,Low-Value
1441,40,68324,34,40,23,4426.89,1,High-Value
1442,32,47496,52,62,22,2920.63,0,High-Value
1443,45,94876,85,15,21,4632.48,0,High-Value
1444,51,26920,25,48,9,679.65,0,Low-Value
1445,19,51026,15,27,12,1645.91,0,Low-Value
1446,49,74430,44,65,20,3532.6,0,High-Value
1447,40,104138,74,9,16,3658.71,0,High-Value
1448,39,63356,79,50,14,1990.22,0,Mid-Value
1449,68,51120,20,12,8,968.21,0,Low-Value
1450,42,112028,66,19,22,4322.99,0,High-Value
1451,39,28799,36,14,13,1049.84,0,Low-Value
1452,39,15000,38,12,14,597.42,0,Low-Value
1453,66,76000,84,104,17,3330.13,0,High-Value
1454,69,52448,16,20,3,375.56,0,Low-Value
1455,59,39469,42,157,15,1216.55,0,Low-Value
1456,23,82708,65,210,16,2954.68,1,High-Value
1457,32,71095,69,50,12,1757.98,0,Low-Value
1458,60,50898,42,9,14,1804.56,1,Mid-Value
1459,54,32992,44,28,15,1355.22,0,Low-Value
1460,50,86811,45,95,15,3119.84,0,High-Value
1461,25,81255,61,27,16,2730.35,0,Mid-Value
1462,61,62520,38,5,13,1892.15,0,Mid-Value
1463,61,111165,62,48,18,3993.38,0,High-Value
1464,22,38247,44,111,9,963.15,1,Low-Value
1465,56,26861,43,95,10,815.05,1,Low-Value
1466,21,47702,51,11,16,1965.46,0,Mid-Value
1467,23,63860,71,67,19,2807.14,1,High-Value
1468,62,71083,43,14,15,2525.81,0,Mid-Value
1469,49,58969,19,14,7,1134.02,0,Low-Value
1470,69,73801,61,124,17,2776.53,0,High-Value
1471,47,33711,28,17,4,358.01,0,Low-Value
1472,64,101094,40,18,16,3294.34,1,High-Value
1473,52,62946,37,1,17,2258.76,0,Mid-Value
1474,57,92932,71,122,15,3109.97,0,High-Value
1475,69,73568,10,94,8,1469.56,0,Low-Value
1476,33,76418,100,59,24,4055.8,0,High-Value
1477,30,79244,71,83,23,4023.83,0,High-Value
1478,67,76192,47,9,14,2327.93,0,Mid-Value
1479,59,81068,46,36,13,2263.49,0,Mid-Value
1480,47,98228,58,25,12,2650.57,0,Mid-Value
1481,36,69913,59,5,17,2335.24,0,Mid-Value
1482,34,82725,65,39,25,5116.6,0,High-Value
1483,36,62756,59,152,17,2304.02,1,Mid-Value
1484,45,101002,57,2,18,4190.99,0,High-Value
1485,43,48090,42,20,14,1359.82,0,Low-Value
1486,54,110023,52,13,18,4501.41,0,High-Value
1487,43,63996,45,16,12,1896.85,0,Low-Value
1488,40,29230,59,143,17,1431.79,0,Mid-Value
1489,26,68202,63,37,18,2546.78,0,High-Value
1490,29,47973,5,37,8,957.51,0,Low-Value
1491,18,86016,70,85,16,2788.58,0,High-Value
1492,18,48684,56,10,19,2157.95,0,Mid-Value
1493,64,53845,40,40,15,2146.97,0,Mid-Value
1494,51,17761,31,33,8,539.78,0,Low-Value
1495,49,53692,61,54,19,2424.62,0,High-Value
1496,65,15000,46,365,11,389.16,1,Low-Value
1497,42,25402,29,88,8,643.9,1,Low-Value
1498,57,84010,54,30,15,2824.66,0,Mid-Value
1499,62,84645,32,105,8,1235.88,0,Low-Value
1500,18,75636,38,11,15,2745.17,0,Mid-Value
1501,33,40825,37,1,7,709.01,0,Low-Value
1502,56,63807,57,13,13,2153.46,0,Mid-Value
1503,22,64909,69,24,12,1600.67,0,Low-Value
1504,39,36040,52,42,14,622.01,1,Low-Value
1505,46,102584,66,57,19,4357.73,0,High-Value
1506,20,86934,68,144,18,3568.35,0,High-Value
1507,29,59475,42,42,11,1249.49,0,Low-Value
1508,43,65672,55,41,13,1776.66,1,Low-Value
1509,33,70209,65,3,19,3833.18,0,High-Value
1510,68,15000,42,2,10,454.16,0,Low-Value
1511,54,58820,62,48,18,2674.88,0,High-Value
1512,39,47950,57,34,13,1379.82,0,Low-Value
1513,46,39959,48,109,14,959.89,0,Low-Value
1514,31,57972,67,10,21,2801.19,0,High-Value
1515,45,109942,57,1,20,4718.0,1,High-Value
1516,22,81021,45,35,14,2464.61,0,Mid-Value
1517,64,50720,37,16,13,1556.37,0,Low-Value
1518,66,79314,33,3,13,2373.7,0,Mid-Value
1519,47,99983,44,77,16,3483.43,0,High-Value
1520,63,88115,45,7,15,2659.05,0,Mid-Value
1521,69,66490,29,56,12,1923.27,1,Low-Value
1522,22,48826,47,19,15,1326.17,0,Low-Value
1523,29,82455,28,11,10,1541.55,0,Low-Value
1524,33,74837,57,28,14,2530.66,0,Mid-Value
1525,43,87379,53,97,13,2630.72,0,Mid-Value
1526,43,80879,40,29,10,1808.97,0,Low-Value
1527,65,91238,57,83,14,2541.62,0,Mid-Value
1528,38,51619,61,8,17,1914.53,0,Mid-Value
1529,56,97934,27,88,11,2331.19,1,Mid-Value
1530,53,69939,35,16,15,2039.09,0,Mid-Value
1531,50,116881,45,67,17,4125.5,0,High-Value
1532,47,47770,30,50,5,626.62,0,Low-Value
1533,54,108399,66,158,22,5680.57,1,High-Value
1534,40,69947,48,29,18,2764.84,0,High-Value
1535,27,48714,46,4,11,1416.53,0,Low-Value
1536,22,52902,22,1,12,1165.12,0,Low-Value
1537,53,56991,54,105,13,1870.36,0,Mid-Value
1538,51,75604,30,44,13,2068.93,0,Mid-Value
1539,69,78070,44,89,11,1988.25,0,Low-Value
1540,48,50657,48,16,9,1058.38,0,Low-Value
1541,27,64391,74,25,18,3034.59,1,High-Value
1542,36,118556,42,1,16,3903.93,0,High-Value
1543,49,108188,10,195,10,2457.9,0,Mid-Value
1544,18,75908,61,66,14,2346.73,0,Mid-Value
1545,22,65950,82,162,19,2840.98,1,High-Value
1546,62,68000,62,18,18,2758.36,0,High-Value
1547,21,80337,61,56,18,3023.8,0,High-Value
1548,33,39430,39,68,13,1282.43,0,Low-Value
1549,41,58565,60,22,14,1906.66,0,Mid-Value
1550,33,23285,29,113,14,982.64,0,Low-Value
1551,19,74980,65,176,14,2397.19,0,Mid-Value
1552,66,81179,53,129,18,3497.9,0,High-Value
1553,45,52920,61,80,20,2793.85,0,High-Value
1554,49,104349,96,19,26,5536.4,0,High-Value
1555,44,34355,48,19,13,1322.64,0,Low-Value
1556,37,28390,35,198,10,589.85,1,Low-Value
1557,41,70611,50,1,19,3230.76,0,High-Value
1558,29,91177,31,75,9,1904.85,0,Low-Value
1559,67,107098,39,73,13,2671.84,0,Mid-Value
1560,52,53527,37,58,12,1541.38,1,Low-Value
1561,50,91967,44,276,19,3741.22,0,High-Value
1562,50,64037,49,22,16,2187.08,0,Mid-Value
1563,68,60684,28,24,9,1454.68,0,Low-Value
1564,60,87091,65,4,18,3318.78,0,High-Value
1565,54,81308,49,35,14,2387.28,0,Mid-Value
1566,29,25590,45,18,10,723.15,1,Low-Value
1567,20,101913,58,25,21,4916.31,0,High-Value
1568,18,99502,65,107,15,3253.19,0,High-Value
1569,50,49360,56,164,20,2724.31,0,High-Value
1570,57,74895,33,12,16,2844.07,0,High-Value
1571,27,77350,46,27,19,2698.51,1,High-Value
1572,60,71516,40,158,13,2016.17,0,Mid-Value
1573,61,51242,20,3,10,1140.56,0,Low-Value
1574,46,48209,32,5,7,865.26,0,Low-Value
1575,30,64361,45,10,13,1421.55,0,Low-Value
1576,29,94318,72,54,21,5184.29,0,High-Value
1577,48,78590,54,9,20,3702.91,0,High-Value
1578,63,55734,44,206,11,1470.71,0,Low-Value
1579,19,84292,72,35,18,3713.54,0,High-Value
1580,68,15000,29,41,9,766.39,0,Low-Value
1581,67,93719,53,16,13,2866.49,0,Mid-Value
1582,52,21507,36,38,13,1004.2,0,Low-Value
1583,40,55938,52,65,13,1739.87,0,Low-Value
1584,34,37008,37,83,11,1010.82,1,Low-Value
1585,43,32632,6,84,6,468.76,0,Low-Value
1586,25,94020,58,51,16,3130.37,1,High-Value
1587,46,53307,67,140,17,1977.25,0,Mid-Value
1588,43,73662,64,102,17,2500.12,0,Mid-Value
1589,27,63826,68,84,17,2490.74,0,Mid-Value
1590,43,76926,70,3,17,2525.89,0,Mid-Value
1591,51,66920,48,1,16,2507.26,0,Mid-Value
1592,68,32925,38,14,17,1450.19,0,Mid-Value
1593,58,89906,40,65,15,3030.24,0,High-Value
1594,24,52656,47,31,17,1997.16,0,Mid-Value
1595,21,26085,57,30,10,1183.23,0,Low-Value
1596,67,54297,57,129,16,2383.93,0,Mid-Value
1597,62,102518,48,135,14,2889.15,0,Mid-Value
1598,28,86255,51,143,12,2352.04,0,Mid-Value
1599,46,56283,46,22,12,1481.35,0,Low-Value
1600,53,56268,53,70,19,2229.06,0,Mid-Value
1601,42,56959,26,19,14,1593.44,0,Low-Value
1602,38,116918,26,12,15,3904.79,0,High-Value
1603,53,74548,39,12,9,1429.88,0,Low-Value
1604,27,75751,37,25,13,2418.25,0,Mid-Value
1605,54,90757,43,33,16,3462.73,0,High-Value
1606,26,70969,53,106,17,3103.29,0,High-Value
1607,41,58523,41,7,8,994.08,0,Low-Value
1608,52,60091,67,79,15,2209.69,0,Mid-Value
1609,66,63209,46,45,14,2182.67,0,Mid-Value
1610,52,64069,50,20,17,2397.43,1,Mid-Value
1611,65,83190,55,40,10,1748.03,0,Low-Value
1612,53,66298,29,21,12,2120.87,0,Mid-Value
1613,35,83316,70,54,20,3800.89,0,High-Value
1614,66,62982,40,34,16,2488.06,0,Mid-Value
1615,56,66965,55,10,18,2548.78,0,High-Value
1616,49,15044,21,7,10,317.99,0,Low-Value
1617,41,87908,30,47,11,2060.02,0,Low-Value
1618,40,73662,64,139,12,1985.56,0,Low-Value
1619,49,89950,57,25,16,2942.99,0,High-Value
1620,54,15000,22,79,12,598.23,0,Low-Value
1621,29,117209,50,64,22,5039.99,0,High-Value
1622,66,61510,58,160,18,2271.95,0,Mid-Value
1623,30,92704,40,103,16,3447.55,0,High-Value
1624,40,39002,69,50,18,1927.1,0,Mid-Value
1625,42,80319,38,64,13,2271.88,0,Mid-Value
1626,52,38664,50,137,14,1148.86,1,Low-Value
1627,58,49405,36,30,17,1757.78,0,Mid-Value
1628,47,112850,66,23,17,4081.72,0,High-Value
1629,34,60232,42,1,19,2852.5,0,High-Value
1630,66,70435,40,105,13,2272.32,0,Mid-Value
1631,37,86751,55,96,21,3907.13,0,High-Value
1632,65,77392,29,6,8,1259.85,0,Low-Value
1633,42,68760,61,51,19,3069.22,0,High-Value
1634,39,74124,44,37,13,2026.63,0,Mid-Value
1635,30,125085,61,7,16,4198.34,0,High-Value
1636,36,63559,35,236,14,2337.96,0,Mid-Value
1637,66,70027,4,14,12,2069.53,0,Mid-Value
1638,53,91266,48,4,14,2868.62,0,Mid-Value
1639,29,92638,95,54,19,3537.75,0,High-Value
1640,58,94675,62,80,18,3825.38,0,High-Value
1641,36,80968,54,1,16,3166.01,0,High-Value
1642,29,36424,43,64,14,1220.99,0,Low-Value
1643,26,105835,62,45,22,5542.61,0,High-Value
1644,24,36341,57,6,15,1681.1,0,Mid-Value
1645,45,72565,32,11,18,3421.55,0,High-Value
1646,31,46143,65,50,17,1986.7,0,Mid-Value
1647,48,63396,58,21,15,2334.04,0,Mid-Value
1648,69,73219,53,167,11,2064.16,1,Low-Value
1649,36,73033,59,102,16,2764.43,0,High-Value
1650,64,75548,45,246,14,2290.08,0,Mid-Value
1651,33,105342,70,18,23,5150.98,0,High-Value
1652,22,76338,66,209,20,3525.09,1,High-Value
1653,52,58896,39,33,10,1184.34,1,Low-Value
1654,29,89102,49,25,17,3332.94,0,High-Value
1655,42,94736,56,3,20,4518.4,0,High-Value
1656,69,34309,58,3,19,1059.23,0,Mid-Value
1657,38,79935,35,70,16,3246.2,0,High-Value
1658,53,82529,27,36,15,3028.4,0,High-Value
1659,40,57560,50,15,15,1923.35,1,Mid-Value
1660,33,99392,59,57,19,4311.76,0,High-Value
1661,56,61248,47,17,18,2565.78,0,High-Value
1662,62,68139,47,51,11,1922.01,0,Low-Value
1663,59,60673,40,26,12,1873.03,0,Low-Value
1664,56,65389,67,104,16,2076.43,0,Mid-Value
1665,31,37593,23,103,11,1143.94,0,Low-Value
1666,48,28998,27,38,14,1048.76,0,Low-Value
1667,22,104862,61,25,17,3926.43,1,High-Value
1668,52,43825,17,27,2,193.45,0,Low-Value
1669,40,40215,42,98,12,1519.82,0,Low-Value
1670,46,15000,63,23,17,1115.22,0,Low-Value
1671,60,49025,41,14,15,1604.3,0,Mid-Value
1672,28,31922,50,5,15,957.37,0,Low-Value
1673,35,106050,40,37,15,3394.72,0,High-Value
1674,64,90245,38,39,11,2277.08,0,Mid-Value
1675,29,47796,44,110,15,1787.93,0,Mid-Value
1676,26,121310,60,15,17,4784.09,0,High-Value
1677,27,89544,78,28,27,5695.29,0,High-Value
1678,61,56879,50,99,17,2521.13,0,Mid-Value
1679,34,15000,25,104,7,384.32,0,Low-Value
1680,55,122273,60,29,18,4386.72,0,High-Value
1681,24,30260,55,36,14,1086.18,0,Low-Value
1682,63,23865,51,21,13,1087.21,1,Low-Value
1683,30,90564,81,161,25,5008.88,0,High-Value
1684,57,125993,41,7,18,5031.58,0,High-Value
1685,59,99606,39,162,13,2787.6,1,Mid-Value
1686,26,79097,38,69,20,3254.94,0,High-Value
1687,67,79868,41,45,15,2668.29,0,Mid-Value
1688,44,86335,60,1,20,3946.11,0,High-Value
1689,19,83973,74,38,18,3205.99,0,High-Value
1690,22,72029,55,31,17,2728.88,0,High-Value
1691,46,67605,43,10,15,2116.77,0,Mid-Value
1692,54,63435,47,64,9,1472.93,1,Low-Value
1693,55,46150,29,212,17,1834.01,1,Mid-Value
1694,36,57983,81,49,23,3628.42,0,High-Value
1695,25,22676,21,75,8,706.27,0,Low-Value
1696,65,62541,44,4,11,1582.53,0,Low-Value
1697,62,40285,68,32,18,1537.98,1,Mid-Value
1698,18,37410,51,7,14,889.44,0,Low-Value
1699,39,69497,48,56,16,2190.62,0,Mid-Value
1700,69,99800,42,167,16,3183.88,0,High-Value
1701,34,87957,53,65,18,3898.64,0,High-Value
1702,24,25737,67,4,20,1464.23,0,Mid-Value
1703,42,40259,11,26,10,1063.62,0,Low-Value
1704,62,88519,71,47,16,2619.71,0,Mid-Value
1705,21,40437,29,30,15,1243.57,0,Low-Value
1706,53,59384,40,107,18,2737.34,1,High-Value
1707,23,78751,51,101,26,4726.89,0,High-Value
1708,48,40791,51,56,11,1093.11,0,Low-Value
1709,36,67634,27,28,13,2128.63,1,Mid-Value
1710,61,31649,43,17,6,647.01,0,Low-Value
1711,56,49965,72,6,19,2215.67,0,Mid-Value
1712,44,72994,29,26,11,1837.31,0,Low-Value
1713,27,25175,48,31,19,1391.54,0,Mid-Value
1714,43,76011,41,67,12,2494.84,0,Mid-Value
1715,36,64509,57,64,11,1292.8,1,Low-Value
1716,56,78812,48,4,14,2630.21,0,Mid-Value
1717,20,70597,47,30,9,1435.25,0,Low-Value
1718,62,99103,57,12,20,4534.15,0,High-Value
1719,30,68130,80,10,14,2049.59,0,Mid-Value
1720,67,54264,36,105,13,1661.32,0,Low-Value
1721,45,68057,59,2,11,1834.64,0,Low-Value
1722,37,78582,34,32,13,2910.15,0,Mid-Value
1723,45,66221,34,11,18,2962.13,0,High-Value
1724,25,66014,61,126,18,2507.53,0,High-Value
1725,58,47450,63,48,14,1519.61,0,Low-Value
1726,56,48427,47,15,14,1540.74,0,Low-Value
1727,18,29934,44,41,13,688.13,0,Low-Value
1728,20,108739,64,78,21,4883.06,1,High-Value
1729,30,33903,28,190,6,592.79,1,Low-Value
1730,45,47677,54,14,17,1636.09,0,Mid-Value
1731,66,47039,51,130,6,778.83,0,Low-Value
1732,42,87373,47,163,14,2828.88,0,Mid-Value
1733,50,57626,38,148,12,1490.86,1,Low-Value
1734,55,96193,55,60,19,3995.0,0,High-Value
1735,23,48162,45,59,14,1964.18,0,Mid-Value
1736,61,71974,44,30,10,1749.51,0,Low-Value
1737,62,44116,70,83,14,1517.09,0,Low-Value
1738,49,118628,54,45,19,4820.12,0,High-Value
1739,62,35310,32,67,11,1009.46,0,Low-Value
1740,64,72745,34,33,11,1735.95,0,Low-Value
1741,38,80844,64,78,17,2551.98,0,Mid-Value
1742,33,75344,51,104,18,3623.77,0,High-Value
1743,38,60367,39,9,12,1716.77,0,Low-Value
1744,28,61754,72,107,18,2690.64,0,High-Value
1745,54,66095,67,46,24,3631.71,0,High-Value
1746,53,61324,36,111,9,1184.59,1,Low-Value
1747,52,89096,23,33,7,1367.82,0,Low-Value
1748,36,120263,77,28,24,5676.84,0,High-Value
1749,37,51062,37,147,11,1719.08,0,Low-Value
1750,35,30754,56,17,13,818.87,0,Low-Value
1751,64,62792,12,111,7,910.73,0,Low-Value
1752,58,129492,70,39,21,5719.98,0,High-Value
1753,66,44908,20,43,15,1937.06,0,Mid-Value
1754,31,105977,71,22,23,5339.95,0,High-Value
1755,32,106942,61,51,22,4737.52,0,High-Value
1756,48,51160,30,23,7,987.95,0,Low-Value
1757,18,79224,53,2,13,2462.37,0,Mid-Value
1758,20,105709,74,19,12,2873.93,0,Mid-Value
1759,33,55521,51,1,12,1701.34,0,Low-Value
1760,40,59910,57,229,19,3338.97,0,High-Value
1761,28,50457,80,202,21,3227.5,1,High-Value
1762,29,39631,24,30,9,800.65,0,Low-Value
1763,27,48768,74,78,18,2554.1,0,High-Value
1764,49,34401,42,25,10,945.5,0,Low-Value
1765,33,65852,38,66,14,2228.67,0,Mid-Value
1766,25,45750,30,98,14,1205.62,0,Low-Value
1767,55,70844,43,175,10,1591.32,1,Low-Value
1768,29,26102,59,30,16,960.19,0,Low-Value
1769,41,73272,49,91,18,3221.37,0,High-Value
1770,45,85838,75,18,19,3947.1,0,High-Value
1771,25,15156,22,278,11,211.14,1,Low-Value
1772,45,74351,50,1,24,4040.92,0,High-Value
1773,53,95691,33,55,14,3194.94,0,High-Value
1774,43,34758,48,64,15,1300.74,0,Low-Value
1775,25,106814,76,69,19,4646.72,0,High-Value
1776,67,75475,37,7,14,2467.04,0,Mid-Value
1777,45,47374,5,167,9,1078.86,0,Low-Value
1778,45,63605,51,11,16,2290.24,1,Mid-Value
1779,54,78958,55,58,14,2235.34,0,Mid-Value
1780,58,66900,51,15,16,2191.63,0,Mid-Value
1781,53,78468,67,22,23,4314.25,0,High-Value
1782,44,41983,28,47,12,1251.09,1,Low-Value
1783,34,69234,62,32,20,3127.81,1,High-Value
1784,26,29657,65,10,15,1094.33,0,Low-Value
1785,50,62219,19,11,13,1818.18,0,Low-Value
1786,37,42402,51,32,15,1807.62,0,Mid-Value
1787,30,46611,41,84,10,1081.93,0,Low-Value
1788,45,95902,53,136,18,3450.38,1,High-Value
1789,65,92282,53,5,14,3020.06,0,Mid-Value
1790,46,80228,43,29,13,2305.98,0,Mid-Value
1791,30,37692,37,6,13,1246.11,0,Low-Value
1792,63,57089,42,1,15,2374.38,0,Mid-Value
1793,52,95327,36,65,11,2313.8,0,Mid-Value
1794,23,68542,39,55,17,2744.17,0,High-Value
1795,35,122983,73,10,23,5710.49,1,High-Value
1796,68,74832,26,15,10,1663.69,0,Low-Value
1797,22,69801,66,1,13,2193.68,0,Mid-Value
1798,64,57272,48,108,14,1556.99,0,Low-Value
1799,42,68338,24,220,10,1596.89,1,Low-Value
1800,19,61188,45,8,15,2158.32,0,Mid-Value
1801,27,82702,75,15,19,3534.44,0,High-Value
1802,47,88917,37,121,8,1707.13,1,Low-Value
1803,67,45350,31,156,10,1157.17,0,Low-Value
1804,62,31719,43,32,12,1267.31,0,Low-Value
1805,22,19094,57,3,16,692.55,0,Low-Value
1806,50,77699,45,2,13,2306.68,0,Mid-Value
1807,18,37415,42,51,18,1729.75,0,Mid-Value
1808,35,15000,62,29,9,305.65,0,Low-Value
1809,49,74714,75,1,23,4226.77,0,High-Value
1810,64,127324,69,52,21,6499.88,0,High-Value
1811,66,64848,43,1,17,2540.5,0,Mid-Value
1812,28,85962,45,92,16,3191.99,0,High-Value
1813,38,67045,38,21,17,2641.08,0,High-Value
1814,43,62527,56,2,15,2015.25,0,Mid-Value
1815,42,87976,60,53,15,2529.61,0,Mid-Value
1816,39,57743,69,30,22,2747.79,0,High-Value
1817,44,71684,59,218,17,2422.31,1,Mid-Value
1818,66,73042,21,47,12,2299.75,0,Mid-Value
1819,30,48297,65,19,20,2297.35,0,High-Value
1820,50,89801,36,74,11,2138.55,0,Low-Value
1821,51,60626,40,19,15,2318.84,0,Mid-Value
1822,58,46106,44,140,12,1144.63,0,Low-Value
1823,52,78412,79,28,20,3306.42,0,High-Value
1824,18,42538,98,47,22,2334.14,0,High-Value
1825,38,65704,59,3,12,2002.07,0,Low-Value
1826,65,64772,39,33,11,1727.76,1,Low-Value
1827,23,92147,68,107,23,4784.43,0,High-Value
1828,45,76867,64,98,21,3673.02,0,High-Value
1829,34,64374,46,15,14,2166.52,0,Mid-Value
1830,22,85444,86,15,22,4266.08,0,High-Value
1831,48,99755,58,101,17,3469.03,1,High-Value
1832,22,78945,65,159,22,3928.79,0,High-Value
1833,55,65258,55,6,15,2016.16,0,Mid-Value
1834,20,32204,55,35,15,1284.36,0,Low-Value
1835,40,38372,57,24,18,1611.62,0,Mid-Value
1836,54,57369,35,122,10,1728.29,0,Low-Value
1837,54,49762,34,5,17,2021.73,0,Mid-Value
1838,27,60325,36,14,8,956.69,0,Low-Value
1839,27,66416,60,83,22,3318.02,0,High-Value
1840,36,78242,65,3,17,3132.66,0,High-Value
1841,34,63237,58,40,16,2745.19,0,High-Value
1842,38,77162,78,35,14,2316.75,0,Mid-Value
1843,31,66611,52,24,14,1812.8,1,Mid-Value
1844,26,15613,54,30,10,634.79,0,Low-Value
1845,63,41516,22,45,8,658.58,0,Low-Value
1846,18,61397,50,10,15,2043.78,0,Mid-Value
1847,68,34757,45,50,16,1370.4,0,Mid-Value
1848,62,79998,59,98,18,3221.13,0,High-Value
1849,30,103268,56,85,19,4500.6,0,High-Value
1850,21,95469,60,10,15,3010.25,0,High-Value
1851,18,59663,32,9,10,1352.2,0,Low-Value
1852,66,102268,44,18,22,4935.08,0,High-Value
1853,57,68716,58,26,14,2235.46,0,Mid-Value
1854,49,56572,54,31,20,2692.23,0,High-Value
1855,51,49664,51,68,14,1762.15,1,Mid-Value
1856,45,57438,47,3,14,2065.47,0,Mid-Value
1857,48,55295,45,2,17,2320.15,0,Mid-Value
1858,25,69260,45,29,19,3141.15,0,High-Value
1859,56,69014,56,71,16,2148.71,0,Mid-Value
1860,43,65076,55,12,15,2263.58,0,Mid-Value
1861,51,75923,56,61,17,3043.66,0,High-Value
1862,20,94766,54,18,18,3968.39,0,High-Value
1863,67,88738,14,130,14,2619.27,0,Mid-Value
1864,29,27877,62,135,15,988.03,1,Low-Value
1865,18,15000,39,21,13,538.05,0,Low-Value
1866,61,88357,35,15,19,3890.44,0,High-Value
1867,22,30828,58,31,16,1554.63,0,Mid-Value
1868,47,59380,40,16,14,1857.07,0,Mid-Value
1869,47,35747,57,66,10,1051.13,0,Low-Value
1870,34,19950,52,104,5,308.76,1,Low-Value
1871,65,78536,55,67,18,3153.74,0,High-Value
1872,64,83978,26,104,12,2217.42,0,Mid-Value
1873,40,50587,65,30,15,1985.6,0,Mid-Value
1874,32,15000,46,10,13,713.49,1,Low-Value
1875,54,51343,37,80,12,1881.88,0,Low-Value
1876,38,74795,54,26,20,3136.13,0,High-Value
1877,31,28027,18,66,9,754.43,0,Low-Value
1878,19,69583,63,18,15,2268.42,0,Mid-Value
1879,28,64617,38,5,16,2179.12,1,Mid-Value
1880,68,79482,24,294,11,1966.81,1,Low-Value
1881,56,67989,22,10,13,2054.5,0,Mid-Value
1882,55,40673,57,267,14,2031.66,0,Mid-Value
1883,51,94914,43,227,14,2898.92,1,Mid-Value
1884,55,61036,67,94,18,2252.15,1,Mid-Value
1885,67,64317,33,64,13,1985.48,0,Mid-Value
1886,51,41668,16,51,10,722.16,0,Low-Value
1887,35,53917,32,120,11,1391.0,1,Low-Value
1888,47,42879,62,20,10,1059.98,0,Low-Value
1889,32,60676,49,37,14,2145.79,0,Mid-Value
1890,44,107792,49,57,20,5003.77,0,High-Value
1891,68,30702,37,31,11,812.36,0,Low-Value
1892,51,24660,46,33,12,804.73,1,Low-Value
1893,69,101779,65,24,22,4665.46,0,High-Value
1894,55,59766,66,49,15,1839.17,0,Mid-Value
1895,50,48273,38,114,8,969.56,0,Low-Value
1896,41,90997,35,13,14,2560.46,0,Mid-Value
1897,32,49859,43,163,12,1361.98,0,Low-Value
1898,47,110650,60,70,16,3621.96,0,High-Value
1899,59,81948,33,103,13,2497.84,1,Mid-Value
1900,68,52802,24,48,12,1831.51,0,Low-Value
1901,34,118932,67,90,20,4766.8,0,High-Value
1902,22,49857,51,1,16,1470.7,0,Mid-Value
1903,46,83552,52,102,22,4075.08,0,High-Value
1904,21,72482,45,2,14,2312.79,0,Mid-Value
1905,27,97543,56,132,19,4148.95,0,High-Value
1906,34,104037,45,289,15,3320.69,1,High-Value
1907,27,65800,67,20,15,2228.86,0,Mid-Value
1908,34,46164,63,14,15,1767.61,1,Mid-Value
1909,37,76499,25,86,11,2074.65,0,Low-Value
1910,41,48057,32,17,13,1128.25,0,Low-Value
1911,22,115334,43,120,24,5883.21,0,High-Value
1912,51,68413,37,6,11,1760.36,0,Low-Value
1913,23,55866,52,8,14,1651.47,0,Low-Value
1914,19,69617,35,232,13,2407.62,1,Mid-Value
1915,30,31321,32,67,12,877.33,0,Low-Value
1916,60,40709,24,112,11,1108.78,0,Low-Value
1917,60,95010,53,23,21,4585.57,0,High-Value
1918,65,48577,40,67,6,649.71,0,Low-Value
1919,28,38827,37,54,5,349.78,0,Low-Value
1920,68,78416,46,55,14,2385.63,0,Mid-Value
1921,64,94642,40,68,19,4269.79,0,High-Value
1922,40,82973,49,51,11,1989.82,0,Low-Value
1923,33,89901,82,33,12,2245.27,0,Mid-Value
1924,48,46080,63,19,18,2268.81,0,Mid-Value
1925,28,29454,26,87,11,813.41,0,Low-Value
1926,33,102533,72,15,17,3696.03,0,High-Value
1927,25,56933,65,70,14,1905.51,0,Mid-Value
1928,21,58729,37,15,10,1490.19,0,Low-Value
1929,57,98204,63,58,19,4790.54,1,High-Value
1930,21,78905,81,82,19,3614.15,1,High-Value
1931,42,76397,34,14,15,2852.87,0,Mid-Value
1932,20,119125,53,3,10,2506.61,0,Mid-Value
1933,49,48912,59,8,13,1331.67,0,Low-Value
1934,20,88196,64,55,15,2959.9,0,High-Value
1935,44,66425,57,113,16,2471.32,0,Mid-Value
1936,46,71714,54,2,15,2208.75,0,Mid-Value
1937,49,103211,60,79,21,4699.64,0,High-Value
1938,67,77695,24,25,6,1088.28,0,Low-Value
1939,68,78457,60,39,18,3281.76,0,High-Value
1940,36,91812,74,158,22,4646.14,0,High-Value
1941,38,55876,45,24,20,2722.33,0,High-Value
1942,22,44019,50,37,13,1305.63,0,Low-Value
1943,35,38879,23,1,11,990.54,0,Low-Value
1944,45,15841,46,5,7,235.88,0,Low-Value
1945,59,116405,63,17,13,3634.56,0,High-Value
1946,39,37419,43,1,15,1425.6,0,Low-Value
1947,38,59468,66,59,17,2304.57,0,Mid-Value
1948,23,58079,48,33,18,2200.07,0,Mid-Value
1949,18,72685,66,47,14,2931.67,1,Mid-Value
1950,22,85393,44,11,17,2969.66,0,High-Value
1951,58,86511,48,21,22,4104.96,0,High-Value
1952,29,50423,47,65,15,1906.25,0,Mid-Value
1953,43,60821,51,201,16,2410.32,1,Mid-Value
1954,63,72064,38,3,14,2498.96,0,Mid-Value
1955,51,58782,43,132,9,1482.1,0,Low-Value
1956,66,105183,62,51,23,5473.04,0,High-Value
1957,31,77274,48,49,14,2221.91,0,Mid-Value
1958,43,83371,28,41,14,2560.43,0,Mid-Value
1959,62,81572,72,4,15,2816.42,0,Mid-Value
1960,44,94336,75,5,17,4074.82,0,High-Value
1961,26,69525,35,55,18,2485.49,0,High-Value
1962,43,32579,52,25,13,1341.56,0,Low-Value
1963,64,74992,37,149,18,3108.29,1,High-Value
1964,39,48716,50,31,14,1819.99,0,Mid-Value
1965,64,51784,44,9,8,976.3,0,Low-Value
1966,47,79659,47,75,18,3000.27,0,High-Value
1967,60,95957,38,20,13,2901.3,0,Mid-Value
1968,65,65531,32,44,15,2413.18,0,Mid-Value
1969,34,72720,39,71,14,2520.29,0,Mid-Value
1970,43,107555,45,138,12,2818.93,0,Mid-Value
1971,53,71018,46,94,15,2295.58,1,Mid-Value
1972,18,130042,58,67,26,6674.26,0,High-Value
1973,25,79137,67,68,20,3811.29,0,High-Value
1974,66,20980,55,175,14,956.46,1,Low-Value
1975,52,83833,41,21,18,3117.23,0,High-Value
1976,69,74528,46,1,16,2575.64,0,Mid-Value
1977,32,97243,66,19,20,4149.69,0,High-Value
1978,64,81829,53,14,13,2098.37,0,Mid-Value
1979,39,61538,50,65,16,2092.97,0,Mid-Value
1980,31,34392,57,60,18,1291.98,0,Mid-Value
1981,43,59774,55,54,13,1733.69,0,Low-Value
1982,45,43736,25,1,15,1445.87,0,Low-Value
1983,40,50486,60,78,16,1545.07,0,Mid-Value
1984,31,79714,68,23,16,3356.27,0,High-Value
1985,41,106747,46,65,20,5045.64,0,High-Value
1986,19,74866,58,48,16,2528.75,0,Mid-Value
1987,62,35102,47,25,16,1508.65,1,Mid-Value
1988,43,76115,48,8,15,2677.38,0,Mid-Value
1989,31,94915,74,5,20,4553.93,0,High-Value
1990,68,49755,74,106,20,2144.62,0,High-Value
1991,24,61649,42,150,15,2395.19,0,Mid-Value
1992,20,65367,35,62,7,997.61,0,Low-Value
1993,64,45377,43,6,10,907.16,0,Low-Value
1994,40,81207,64,30,21,4058.8,0,High-Value
1995,63,61976,39,78,13,2123.07,0,Mid-Value
1996,60,75488,67,90,17,3566.51,0,High-Value
1997,64,42812,18,7,5,438.14,0,Low-Value
1998,62,54063,51,1,12,1663.32,1,Low-Value
1999,35,83059,46,74,9,1619.74,0,Low-Value
2000,55,55679,69,26,17,2432.84,0,Mid-Value
